Timestamp,PT-GG-01 Pressure,PT-VT-02 Pressure,PT-VT-01 Pressure,SN-O2-01 State
2025-09-24 16:59:25.034147,-35.399289733485176,-18.918709930620693,-24.093833672372917,False
2025-09-24 16:59:25.050248,-39.072457338634294,-19.29226635631762,-25.77477876763595,False
2025-09-24 16:59:25.552366,-33.780600121146755,-16.92648742073461,-22.039332151412964,False
2025-09-24 16:59:26.052616,-33.53157818944831,-16.24165358041462,-24.156089155297533,False
2025-09-24 16:59:26.552187,-34.09187753576981,-17.673576743979208,-20.66968799892225,False
2025-09-24 16:59:27.052180,-32.53544340635601,-19.914821185563742,-23.720277246675998,False
2025-09-24 16:59:27.550322,-36.89344485182511,-19.416777322166844,-24.218344638222142,False
2025-09-24 16:59:28.051555,-34.83896685901441,-17.237764835357666,-22.910932440506787,False
2025-09-24 16:59:28.552289,-34.46543396146674,-18.66968799892225,-21.479032805091457,False
2025-09-24 16:59:29.050289,-38.07634608369125,-19.541288288016073,-24.03157818944831,True
2025-09-24 16:59:29.551490,-35.71056714810824,-18.98096541354531,-22.41288857710989,False
2025-09-24 16:59:30.051734,-35.025733307788244,-18.98096541354531,-21.603543770940682,False
2025-09-24 16:59:30.551741,-35.89733359688206,-18.047109641526877,-23.03544340635601,False
2025-09-24 16:59:31.050046,-37.20474579459743,-18.98096541354531,-25.152200410240575,True
2025-09-24 16:59:31.551628,-37.88957963491741,-18.29613157322532,-21.354521839242235,True
2025-09-24 16:59:32.051703,-35.58605618225901,-19.416777322166844,-22.039332151412964,True
2025-09-24 16:59:32.549844,-37.45376772629587,-21.2222333832791,-24.093833672372917,False
2025-09-24 16:59:33.050914,-35.772822631032845,-19.665799253865295,-24.156089155297533,False
2025-09-24 16:59:33.550939,-37.39151224337127,-20.973187923431396,-24.71638850161904,False
2025-09-24 16:59:34.050698,-37.88957963491741,-19.10547637939453,-26.64637905672977,False
2025-09-24 16:59:34.551673,-36.395400988428214,-18.98096541354531,-24.529622052845202,False
2025-09-24 16:59:35.050425,-36.14637905672977,-20.163866645411446,-23.346744349128322,False
2025-09-24 16:59:35.550821,-38.636645430012756,-18.731943481846862,-23.720277246675998,False
2025-09-24 16:59:36.051695,-35.58605618225901,-20.848676957582175,-24.65413301869443,False
2025-09-24 16:59:36.550766,-36.14637905672977,-18.856454447696084,-24.156089155297533,False
2025-09-24 16:59:37.051013,-36.95572386289898,-20.41288857710989,-24.093833672372917,False
2025-09-24 16:59:37.550351,-37.70278965799432,-21.53351079790216,-26.335078113957458,False
2025-09-24 16:59:38.051570,-35.64831166518362,-19.167731862319144,-23.53351079790216,False
2025-09-24 16:59:38.551434,-37.88957963491741,-19.354521839242235,-24.591877535769815,False
2025-09-24 16:59:39.052435,-35.08798879071286,-19.416777322166844,-22.163866645411446,False
2025-09-24 16:59:39.552050,-37.142490311672816,-19.914821185563742,-24.903178478542127,False
2025-09-24 16:59:40.052353,-37.26700127752204,-19.416777322166844,-22.848676957582175,False
2025-09-24 16:59:40.551607,-35.71056714810824,-20.973187923431396,-24.218344638222142,False
2025-09-24 16:59:41.051264,-37.01797934582359,-20.163866645411446,-24.280600121146755,False
2025-09-24 16:59:41.550721,-32.722233383279104,-19.790310219714517,-25.463477824863634,False
2025-09-24 17:07:06.628083,-35.399289733485176,-19.728054736789904,-23.59576628082677,False
2025-09-24 17:07:06.638502,-33.4693227065237,-21.782532729600607,-28.26504514091893,False
2025-09-24 17:07:07.140057,-32.97125531497755,-22.34285560407137,-29.696968304483512,False
2025-09-24 17:07:07.639206,-32.59772241742988,-22.591877535769815,-29.821479270332745,False
2025-09-24 17:07:08.138889,-32.97125531497755,-23.401222341939025,-29.26117992401123,False
2025-09-24 17:07:08.639654,-33.842855604071374,-22.529622052845202,-29.696968304483512,False
2025-09-24 17:07:09.139532,-33.40704369544983,-23.089944927315965,-30.94210149112501,False
2025-09-24 17:07:09.640184,-35.08798879071286,-24.086056182259007,-28.016023209220485,False
2025-09-24 17:07:10.138548,-32.410932440506784,-22.591877535769815,-29.136645430012756,False
2025-09-24 17:07:10.639035,-33.15802176375138,-22.156089155297533,-28.32730062384355,False
2025-09-24 17:07:11.139798,-34.40317847854213,-22.840922995617518,-30.07050120203119,False
2025-09-24 17:07:11.639272,-33.282532729600604,-21.03544340635601,-30.257291178954276,False
2025-09-24 17:07:12.138882,-34.15413301869443,-21.59576628082677,-28.949878981238918,False
2025-09-24 17:07:12.638772,-34.77671137608981,-23.152200410240575,-28.887623498314312,False
2025-09-24 17:07:13.138808,-33.4693227065237,-21.90704369544983,-29.634712821558907,False
2025-09-24 17:07:13.639560,-35.08798879071286,-22.40511108699598,-31.19114695097271,False
2025-09-24 17:07:14.139432,-33.282532729600604,-23.214455893165187,-30.444057627728114,False
2025-09-24 17:07:14.639762,-34.34092299561752,-23.089944927315965,-29.136645430012756,False
2025-09-24 17:07:15.138319,-33.71834463822214,-22.591877535769815,-29.51020185570968,False
2025-09-24 17:07:15.639850,-34.52768944439135,-23.587988790712863,-28.949878981238918,False
2025-09-24 17:07:16.139387,-33.282532729600604,-22.40511108699598,-29.136645430012756,False
2025-09-24 17:07:16.643858,-34.09187753576981,-20.537399542959115,-25.463477824863634,False
2025-09-24 17:07:17.138402,-32.97125531497755,-23.089944927315965,-29.385690889860456,False
2025-09-24 17:07:17.639496,-35.15024427363747,-23.650244273637473,-31.25340243389732,False
2025-09-24 17:07:18.138817,-33.842855604071374,-22.840922995617518,-28.700857049540474,False
2025-09-24 17:07:18.640203,-36.58216743720205,-23.089944927315965,-28.14053417506971,False
2025-09-24 17:07:19.138227,-33.344788212525216,-22.093833672372917,-30.195035696029663,False
2025-09-24 17:07:19.639472,-37.142490311672816,-23.401222341939025,-29.696968304483512,False
2025-09-24 17:07:20.139263,-34.901222341939025,-23.96154521640978,-30.879846008200396,False
2025-09-24 17:07:20.639584,-35.959589079806676,-22.71638850161904,-29.634712821558907,False
2025-09-24 17:07:21.139225,-34.71445589316519,-22.840922995617518,-30.94210149112501,False
2025-09-24 17:07:21.639365,-35.959589079806676,-23.401222341939025,-30.132780213105057,False
2025-09-24 17:07:22.139260,-35.89733359688206,-23.96154521640978,-30.132780213105057,False
2025-09-24 17:07:22.639537,-36.270890022578996,-24.45958907980668,-29.945990236181963,False
2025-09-24 17:07:23.138471,-35.27477876763595,-22.34285560407137,-29.821479270332745,False
2025-09-24 17:07:23.639432,-35.21252328471134,-22.778643984543653,-30.444057627728114,False
2025-09-24 17:07:24.139561,-35.399289733485176,-23.83703425056056,-30.630824076501945,False
2025-09-24 17:07:24.639204,-36.76893388597589,-24.335078113957458,-30.755335042351177,False
2025-09-24 17:07:25.138844,-34.46543396146674,-23.712523284711338,-31.00438050219887,False
2025-09-24 17:07:25.638591,-33.53157818944831,-22.778643984543653,-29.51020185570968,False
2025-09-24 17:07:26.139500,-35.21252328471134,-22.40511108699598,-30.630824076501945,False
2025-09-24 17:07:26.639499,-34.0296220528452,-23.83703425056056,-29.01213446416353,False
2025-09-24 17:07:27.140189,-33.71834463822214,-24.335078113957458,-28.14053417506971,False
2025-09-24 17:07:27.644676,-35.025733307788244,-23.77477876763595,-27.517979345823587,False
2025-09-24 17:07:28.139330,-36.08412357380516,-22.71638850161904,-29.634712821558907,False
2025-09-24 17:07:28.641511,-37.32925676044665,-24.272822631032845,-28.26504514091893,False
2025-09-24 17:07:29.140153,-33.15802176375138,-22.965433961466744,-30.630824076501945,False
2025-09-24 17:07:29.640245,-33.220277246676,-22.840922995617518,-29.19890091293736,False
2025-09-24 17:07:30.139585,-33.71834463822214,-23.463477824863634,-31.06663598512349,False
2025-09-24 17:07:30.640546,-33.53157818944831,-23.712523284711338,-28.949878981238918,False
2025-09-24 17:07:31.140631,-33.780600121146755,-22.71638850161904,-30.444057627728114,False
2025-09-24 17:07:31.640098,-34.09187753576981,-22.778643984543653,-27.891512243371263,False
2025-09-24 17:07:32.139756,-32.90899983205294,-23.089944927315965,-28.949878981238918,False
2025-09-24 17:07:32.640330,-32.84674434912832,-22.156089155297533,-29.323435406935843,False
2025-09-24 17:07:33.140128,-32.659977900354484,-22.65413301869443,-28.202789657994323,False
2025-09-24 17:07:33.639794,-33.220277246676,-22.34285560407137,-28.57634608369125,False
2025-09-24 17:07:34.138919,-32.037399542959115,-19.852565702639126,-27.953767726295872,False
2025-09-24 17:07:34.641658,-33.53157818944831,-22.280600121146755,-29.074389947088143,False
2025-09-24 17:07:35.139764,-32.037399542959115,-19.354521839242235,-29.572457338634294,False
2025-09-24 17:07:35.640254,-33.03351079790216,-21.90704369544983,-29.821479270332745,False
2025-09-24 17:07:36.140914,-32.037399542959115,-20.350633094185277,-28.26504514091893,False
2025-09-24 17:07:36.640594,-30.79226635631762,-21.346744349128322,-28.57634608369125,False
2025-09-24 17:07:37.143405,-30.979032805091457,-22.280600121146755,-29.821479270332745,False
2025-09-24 17:07:37.640013,-31.663866645411446,-19.914821185563742,-28.514090600766636,False
2025-09-24 17:07:38.139884,-30.16968799892225,-18.918709930620693,-29.136645430012756,False
2025-09-24 17:07:38.639894,-28.986786767056117,-19.479032805091457,-25.587988790712863,False
2025-09-24 17:07:39.139110,-28.986786767056117,-18.60743251599764,-26.64637905672977,False
2025-09-24 17:07:39.640031,-31.414821185563742,-18.98096541354531,-28.887623498314312,False
2025-09-24 17:07:40.139765,-30.854521839242235,-18.48292155014841,-27.642490311672816,False
2025-09-24 17:07:40.638845,-28.115186477962293,-18.23387609030071,-26.95765647135283,False
2025-09-24 17:07:41.139234,-27.803909063339233,-17.98485415860226,-25.587988790712863,False
2025-09-24 17:07:41.644386,-31.601587634337577,-21.28448886620371,-27.3311893689005,False
2025-09-24 17:07:42.144890,-29.235832226903817,-23.152200410240575,-27.642490311672816,False
2025-09-24 17:07:42.641288,-30.543220896469922,-19.354521839242235,-27.642490311672816,False
2025-09-24 17:07:43.139435,-29.36034319275304,-18.731943481846862,-26.770890022578993,False
2025-09-24 17:07:43.641123,-33.40704369544983,-19.229987345243753,-28.57634608369125,False
2025-09-24 17:07:44.139753,-30.916777322166844,-19.790310219714517,-27.206678403051278,False
2025-09-24 17:07:44.640477,-29.42259867567765,-19.10547637939453,-26.95765647135283,False
2025-09-24 17:07:45.139172,-28.80002031828228,-16.73972097196077,-25.96154521640978,False
2025-09-24 17:07:45.639029,-28.23972097196077,-16.98874290365922,-24.840922995617518,False
2025-09-24 17:07:46.141202,-29.858387056149937,-19.416777322166844,-27.01991195427744,False
2025-09-24 17:07:46.640438,-28.301976454885384,-18.731943481846862,-25.401222341939025,False
2025-09-24 17:07:47.139652,-31.041288288016073,-15.121031359622354,-26.086056182259007,False
2025-09-24 17:07:47.639850,-28.42648742073461,-16.98874290365922,-25.899289733485176,False
2025-09-24 17:07:48.139668,-28.48874290365922,-17.237764835357666,-25.650244273637473,False
2025-09-24 17:07:48.640762,-29.547109641526877,-18.545177033073024,-26.521844562731296,False
2025-09-24 17:07:49.140135,-28.737764835357666,-16.17939809749001,-25.152200410240575,False
2025-09-24 17:07:49.640640,-29.29808770982843,-18.79419896477147,-27.01991195427744,False
2025-09-24 17:07:50.141120,-28.924531284131504,-17.486786767056117,-27.01991195427744,False
2025-09-24 17:07:50.640765,-28.48874290365922,-18.1716206073761,-25.214455893165187,False
2025-09-24 17:07:51.140243,-28.86227580120689,-17.113253869508444,-26.397333596882067,False
2025-09-24 17:07:51.639748,-29.42259867567765,-15.868120682866952,-25.276711376089803,False
2025-09-24 17:07:52.140392,-27.99067551211307,-17.86034319275304,-25.77477876763595,False
2025-09-24 17:07:52.640151,-28.115186477962293,-17.86034319275304,-24.65413301869443,False
2025-09-24 17:07:53.139066,-29.48485415860226,-16.73972097196077,-23.408999832052938,False
2025-09-24 17:07:53.639563,-29.98292155014841,-16.98874290365922,-24.156089155297533,False
2025-09-24 17:07:54.138609,-29.6716206073761,-14.872009427923906,-22.910932440506787,False
2025-09-24 17:07:54.639507,-29.235832226903817,-15.743609717017726,-24.65413301869443,False
2025-09-24 17:07:55.140627,-28.364231937809993,-19.167731862319144,-25.712523284711338,False
2025-09-24 17:07:55.639020,-29.04906577812998,-14.872009427923906,-23.59576628082677,False
2025-09-24 17:07:56.138924,-28.986786767056117,-14.747474933925428,-23.159977900354484,False
2025-09-24 17:07:56.638926,-29.173576743979208,-15.494564257170026,-21.167731862319144,False
2025-09-24 17:07:57.140163,-28.55099838658383,-16.054887131640786,-23.53351079790216,False
2025-09-24 17:07:57.640303,-28.301976454885384,-16.801976454885384,-24.71638850161904,False
2025-09-24 17:07:58.139606,-28.115186477962293,-12.942018872813176,-21.416777322166844,False
2025-09-24 17:07:58.642305,-28.364231937809993,-15.743609717017726,-25.089944927315965,False
2025-09-24 17:07:59.138889,-29.04906577812998,-13.875874644831608,-21.479032805091457,False
2025-09-24 17:07:59.642028,-28.17746548903616,-17.673576743979208,-25.587988790712863,False
2025-09-24 17:08:00.138960,-28.924531284131504,-15.805865199942339,-21.665799253865295,False
2025-09-24 17:08:00.641043,-27.492631648716177,-16.303909063339233,-24.903178478542127,False
2025-09-24 17:08:01.138707,-29.11132126105459,-14.187175587603921,-21.416777322166844,False
2025-09-24 17:08:01.639383,-29.79613157322532,-16.1171426145654,-21.354521839242235,False
2025-09-24 17:08:02.139459,-30.16968799892225,-15.183286842546966,-22.288377611260668,False
2025-09-24 17:08:02.640345,-30.543220896469922,-16.615186477962293,-23.471255314977547,False
2025-09-24 17:08:03.138855,-29.36034319275304,-14.622963968076206,-22.475144060034506,False
2025-09-24 17:08:03.640231,-29.48485415860226,-14.872009427923906,-23.2222333832791,False
2025-09-24 17:08:04.140568,-29.79613157322532,-15.245542325471579,-22.661910508808337,False
2025-09-24 17:08:04.639386,-29.79613157322532,-13.751363678982383,-23.159977900354484,False
2025-09-24 17:08:05.138737,-31.228054736789904,-15.432308774245413,-22.163866645411446,False
2025-09-24 17:08:05.642190,-28.86227580120689,-13.689108196057774,-25.152200410240575,False
2025-09-24 17:08:06.142126,-30.10743251599764,-14.311686553453146,-24.591877535769815,False
2025-09-24 17:08:06.641125,-30.356454447696084,-14.187175587603921,-23.658021763751382,False
2025-09-24 17:08:07.139569,-30.29419896477147,-15.121031359622354,-21.479032805091457,False
2025-09-24 17:08:07.639474,-28.48874290365922,-13.751363678982383,-19.98485415860226,False
2025-09-24 17:08:08.140588,-29.235832226903817,-14.311686553453146,-20.731943481846862,False
2025-09-24 17:08:08.640680,-31.290310219714517,-14.872009427923906,-22.848676957582175,False
2025-09-24 17:08:09.139046,-32.53544340635601,-17.113253869508444,-21.229987345243753,False
2025-09-24 17:08:09.640321,-30.60547637939453,-15.868120682866952,-22.661910508808337,False
2025-09-24 17:08:10.138945,-33.220277246676,-16.17939809749001,-21.541288288016073,False
2025-09-24 17:08:10.639434,-31.539332151412964,-16.24165358041462,-19.61132126105459,False
2025-09-24 17:08:11.139235,-32.53544340635601,-16.615186477962293,-21.665799253865295,False
2025-09-24 17:08:11.639576,-32.34867695758217,-16.49067551211307,-21.043220896469922,False
2025-09-24 17:08:12.138982,-32.09965502588373,-16.49067551211307,-22.786421474657566,False
2025-09-24 17:08:12.640034,-32.4731879234314,-16.17939809749001,-22.039332151412964,False
2025-09-24 17:08:13.139447,-32.90899983205294,-15.743609717017726,-22.163866645411446,False
2025-09-24 17:08:13.640838,-30.48096541354531,-16.615186477962293,-20.10936512445149,False
2025-09-24 17:08:14.140044,-33.842855604071374,-16.49067551211307,-20.60743251599764,False
2025-09-24 17:08:14.642418,-28.986786767056117,-15.556819740094639,-23.720277246675998,False
2025-09-24 17:08:15.140417,-33.03351079790216,-16.24165358041462,-21.728054736789904,False
2025-09-24 17:08:15.642689,-27.866164546263846,-14.311686553453146,-23.03544340635601,False
2025-09-24 17:08:16.140994,-34.09187753576981,-15.805865199942339,-21.852565702639126,False
2025-09-24 17:08:16.638685,-33.780600121146755,-17.175509352433053,-21.665799253865295,False
2025-09-24 17:08:17.140955,-32.4731879234314,-15.992631648716177,-21.29226635631762,False
2025-09-24 17:08:17.640655,-33.4693227065237,-15.805865199942339,-20.856454447696084,False
2025-09-24 17:08:18.139573,-33.4693227065237,-16.864231937809993,-22.350633094185277,False
2025-09-24 17:08:18.640448,-32.90899983205294,-15.93037616579156,-22.661910508808337,False
2025-09-24 17:08:19.139282,-34.40317847854213,-18.66968799892225,-22.910932440506787,False
2025-09-24 17:08:19.639852,-34.34092299561752,-17.735832226903817,-22.848676957582175,False
2025-09-24 17:08:20.140471,-34.83896685901441,-18.731943481846862,-22.661910508808337,False
2025-09-24 17:08:20.640199,-33.15802176375138,-17.36227580120689,-21.167731862319144,False
2025-09-24 17:08:21.142140,-33.4693227065237,-17.673576743979208,-20.66968799892225,False
2025-09-24 17:08:21.641301,-32.722233383279104,-15.868120682866952,-21.790310219714517,False
2025-09-24 17:08:22.140959,-35.46154521640978,-16.73972097196077,-20.918709930620693,False
2025-09-24 17:08:22.639438,-36.51991195427744,-18.79419896477147,-22.41288857710989,False
2025-09-24 17:08:23.140128,-35.89733359688206,-18.23387609030071,-21.043220896469922,False
2025-09-24 17:08:23.640545,-33.59383367237292,-17.79808770982843,-20.856454447696084,False
2025-09-24 17:08:24.140608,-34.652200410240575,-18.23387609030071,-22.288377611260668,False
2025-09-24 17:08:24.640342,-33.90511108699598,-17.05099838658383,-22.973187923431396,False
2025-09-24 17:08:25.140596,-34.46543396146674,-16.73972097196077,-21.416777322166844,False
2025-09-24 17:08:25.641113,-33.96736656992059,-15.432308774245413,-22.163866645411446,False
2025-09-24 17:08:26.144810,-33.344788212525216,-14.80973041685004,-24.280600121146755,False
2025-09-24 17:08:26.642798,-34.71445589316519,-15.183286842546966,-20.79419896477147,False
2025-09-24 17:08:27.139773,-35.27477876763595,-19.665799253865295,-22.22612212833605,False
2025-09-24 17:08:27.641784,-35.83507811395746,-18.29613157322532,-21.229987345243753,False
2025-09-24 17:08:28.140135,-37.142490311672816,-18.48292155014841,-23.59576628082677,False
2025-09-24 17:08:28.639932,-36.08412357380516,-19.354521839242235,-23.720277246675998,False
2025-09-24 17:08:29.139293,-34.96347782486363,-19.229987345243753,-24.467366569920593,False
2025-09-24 17:08:29.640543,-35.5238006993344,-18.60743251599764,-23.658021763751382,False
2025-09-24 17:08:30.139494,-35.83507811395746,-20.537399542959115,-23.84478821252522,False
2025-09-24 17:08:30.644674,-35.46154521640978,-14.996520393773128,-22.039332151412964,False
2025-09-24 17:08:31.139517,-37.70278965799432,-20.163866645411446,-24.34285560407137,False
2025-09-24 17:08:31.640764,-36.14637905672977,-18.98096541354531,-21.728054736789904,False
2025-09-24 17:08:32.140483,-34.96347782486363,-18.98096541354531,-22.41288857710989,False
2025-09-24 17:08:32.640503,-35.08798879071286,-19.043220896469922,-21.479032805091457,False
2025-09-24 17:08:33.139645,-34.58994492731597,-18.918709930620693,-24.591877535769815,False
2025-09-24 17:08:33.640014,-35.83507811395746,-20.661910508808337,-22.973187923431396,False
2025-09-24 17:08:34.139709,-36.95572386289898,-20.41288857710989,-23.969322706523695,False
2025-09-24 17:08:34.640558,-35.83507811395746,-18.98096541354531,-21.416777322166844,False
2025-09-24 17:08:35.139994,-36.64442292012667,-20.101587634337577,-24.34285560407137,False
2025-09-24 17:08:35.640716,-36.20863453965438,-18.23387609030071,-21.914821185563742,False
2025-09-24 17:08:36.140609,-37.88957963491741,-19.416777322166844,-22.786421474657566,False
2025-09-24 17:08:36.640355,-37.45376772629587,-18.66968799892225,-22.910932440506787,False
2025-09-24 17:08:37.142795,-36.395400988428214,-16.17939809749001,-22.163866645411446,False
2025-09-24 17:08:37.640175,-36.395400988428214,-20.163866645411446,-23.28448886620371,False
2025-09-24 17:08:38.140469,-37.01797934582359,-20.101587634337577,-24.156089155297533,False
2025-09-24 17:08:38.639549,-35.71056714810824,-19.603543770940682,-24.840922995617518,False
2025-09-24 17:08:39.138482,-37.01797934582359,-22.093833672372917,-25.712523284711338,False
2025-09-24 17:08:39.639829,-38.13860156661586,-20.475144060034506,-25.152200410240575,False
2025-09-24 17:08:40.140564,-37.82730062384355,-20.973187923431396,-22.661910508808337,False
2025-09-24 17:08:40.639498,-36.831189368900496,-20.288377611260668,-24.156089155297533,False
2025-09-24 17:08:41.143849,-36.270890022578996,-19.479032805091457,-21.229987345243753,False
2025-09-24 17:08:41.641116,-37.20474579459743,-20.41288857710989,-21.728054736789904,False
2025-09-24 17:08:42.138732,-39.01020185570968,-22.591877535769815,-25.83703425056056,False
2025-09-24 17:08:42.638308,-37.70278965799432,-23.587988790712863,-27.26893388597589,False
2025-09-24 17:08:43.139355,-37.516023209220485,-20.039332151412964,-25.276711376089803,False
2025-09-24 17:08:43.640646,-38.200857049540474,-18.856454447696084,-21.603543770940682,False
2025-09-24 17:08:44.139045,-37.516023209220485,-20.910932440506787,-25.089944927315965,False
2025-09-24 17:08:44.645032,-33.53157818944831,-15.432308774245413,-21.603543770940682,False
2025-09-24 17:08:45.139763,-38.26311253246508,-20.039332151412964,-24.591877535769815,False
2025-09-24 17:08:45.641582,-32.659977900354484,-19.416777322166844,-25.152200410240575,False
2025-09-24 17:13:23.487140,-34.216388501619036,-18.29613157322532,-21.354521839242235,False
2025-09-24 17:13:23.494588,-30.979032805091457,-19.790310219714517,-28.32730062384355,False
2025-09-24 17:13:23.996237,-29.920666067223802,-22.280600121146755,-26.210567148108236,False
2025-09-24 17:13:24.495742,-30.979032805091457,-21.84478821252522,-27.26893388597589,False
2025-09-24 17:13:24.995542,-30.667731862319144,-21.969322706523695,-28.38957963491741,False
2025-09-24 17:13:25.495511,-31.352565702639126,-19.354521839242235,-27.953767726295872,False
2025-09-24 17:13:25.994333,-29.235832226903817,-19.603543770940682,-27.455723862898978,False
2025-09-24 17:13:26.497329,-36.95572386289898,-25.517979345823587,-32.872092046235736,True
2025-09-24 17:13:26.997246,-34.46543396146674,-22.965433961466744,-29.26117992401123,False
2025-09-24 17:13:27.495242,-31.91288857710989,-19.914821185563742,-27.01991195427744,False
2025-09-24 17:13:27.996806,-30.854521839242235,-23.525733307788247,-28.63860156661586,False
2025-09-24 17:13:28.495676,-31.228054736789904,-21.09772241742988,-27.642490311672816,False
2025-09-24 17:13:28.995850,-33.71834463822214,-21.782532729600607,-27.455723862898978,False
2025-09-24 17:13:29.495801,-32.410932440506784,-21.658021763751382,-27.14442292012667,False
2025-09-24 17:13:29.997033,-32.722233383279104,-21.09772241742988,-28.38957963491741,False
2025-09-24 17:13:30.497165,-30.729987345243753,-22.71638850161904,-28.700857049540474,False
2025-09-24 17:13:30.996425,-33.344788212525216,-22.965433961466744,-31.00438050219887,False
2025-09-24 17:13:31.495575,-34.0296220528452,-21.720277246675998,-28.016023209220485,False
2025-09-24 17:13:31.996819,-35.83507811395746,-23.712523284711338,-29.136645430012756,False
2025-09-24 17:13:32.497055,-33.40704369544983,-21.09772241742988,-29.323435406935843,False
2025-09-24 17:13:32.996117,-34.09187753576981,-21.969322706523695,-29.696968304483512,False
2025-09-24 17:13:33.499861,-35.21252328471134,-22.903178478542127,-25.712523284711338,False
2025-09-24 17:13:33.996010,-36.76893388597589,-23.83703425056056,-29.44794637278507,False
2025-09-24 17:13:34.497445,-33.90511108699598,-21.159977900354484,-28.32730062384355,False
2025-09-24 17:13:34.995997,-36.270890022578996,-23.525733307788247,-29.074389947088143,False
2025-09-24 17:13:35.497201,-35.772822631032845,-23.338966859014413,-27.891512243371263,False
2025-09-24 17:13:35.996883,-34.34092299561752,-22.03157818944831,-27.26893388597589,False
2025-09-24 17:13:36.497012,-37.45376772629587,-23.152200410240575,-28.514090600766636,False
2025-09-24 17:13:36.994879,-34.216388501619036,-23.152200410240575,-28.016023209220485,False
2025-09-24 17:13:37.497063,-36.51991195427744,-21.658021763751382,-28.451835117842023,False
2025-09-24 17:13:37.995729,-34.15413301869443,-23.02768944439135,-27.14442292012667,False
2025-09-24 17:13:38.496349,-37.01797934582359,-20.848676957582175,-30.257291178954276,False
2025-09-24 17:13:38.996479,-33.4693227065237,-22.591877535769815,-29.01213446416353,False
2025-09-24 17:13:39.496381,-35.025733307788244,-21.84478821252522,-30.008245719106576,False
2025-09-24 17:13:39.996603,-33.71834463822214,-21.09772241742988,-26.521844562731296,False
2025-09-24 17:13:40.496978,-37.39151224337127,-21.782532729600607,-28.202789657994323,False
2025-09-24 17:13:40.996428,-36.270890022578996,-21.408999832052938,-27.704745794597425,False
2025-09-24 17:13:41.497296,-36.95572386289898,-22.03157818944831,-28.451835117842023,False
2025-09-24 17:13:41.995603,-34.52768944439135,-23.214455893165187,-31.875980791292697,False
2025-09-24 17:13:42.495357,-34.15413301869443,-21.408999832052938,-28.700857049540474,False
2025-09-24 17:13:42.997302,-34.52768944439135,-24.14831166518362,-26.335078113957458,False
2025-09-24 17:13:43.497236,-35.58605618225901,-22.03157818944831,-27.642490311672816,False
2025-09-24 17:13:43.995724,-33.59383367237292,-21.471255314977547,-28.949878981238918,False
2025-09-24 17:13:44.497523,-36.95572386289898,-21.471255314977547,-25.587988790712863,False
2025-09-24 17:13:44.997724,-35.959589079806676,-21.59576628082677,-27.26893388597589,False
2025-09-24 17:13:45.497421,-34.52768944439135,-23.650244273637473,-27.01991195427744,False
2025-09-24 17:13:45.997165,-35.64831166518362,-20.973187923431396,-26.64637905672977,False
2025-09-24 17:13:46.496977,-35.772822631032845,-21.346744349128322,-29.323435406935843,False
2025-09-24 17:13:46.995643,-32.410932440506784,-21.471255314977547,-29.19890091293736,False
2025-09-24 17:13:47.496800,-36.021844562731296,-21.03544340635601,-28.57634608369125,False
2025-09-24 17:13:47.996676,-36.89344485182511,-21.782532729600607,-25.525733307788247,False
2025-09-24 17:13:48.496939,-34.34092299561752,-21.346744349128322,-27.891512243371263,False
2025-09-24 17:13:48.995545,-31.352565702639126,-21.2222333832791,-28.700857049540474,False
2025-09-24 17:13:49.497291,-32.53544340635601,-20.22612212833605,-27.393444851825112,False
2025-09-24 17:13:49.995593,-33.095766280826766,-22.156089155297533,-28.700857049540474,False
2025-09-24 17:13:50.497294,-34.652200410240575,-22.965433961466744,-26.14831166518362,False
2025-09-24 17:13:50.996382,-32.722233383279104,-21.346744349128322,-28.887623498314312,False
2025-09-24 17:13:51.497758,-34.46543396146674,-22.03157818944831,-27.642490311672816,False
2025-09-24 17:13:51.997184,-35.58605618225901,-21.159977900354484,-26.584123573805154,False
2025-09-24 17:13:52.496684,-34.96347782486363,-22.40511108699598,-27.14442292012667,False
2025-09-24 17:13:52.996839,-31.788377611260668,-22.03157818944831,-25.77477876763595,False
2025-09-24 17:13:53.496460,-33.03351079790216,-21.03544340635601,-28.38957963491741,False
2025-09-24 17:13:53.997621,-35.21252328471134,-22.591877535769815,-28.57634608369125,False
2025-09-24 17:13:54.497289,-33.59383367237292,-20.848676957582175,-25.587988790712863,False
2025-09-24 17:13:54.996940,-32.722233383279104,-22.03157818944831,-28.451835117842023,False
2025-09-24 17:13:55.495952,-35.64831166518362,-22.965433961466744,-27.517979345823587,False
2025-09-24 17:13:55.996798,-32.09965502588373,-20.475144060034506,-29.44794637278507,False
2025-09-24 17:13:56.496950,-33.40704369544983,-22.093833672372917,-28.949878981238918,False
2025-09-24 17:13:56.996766,-30.10743251599764,-23.650244273637473,-27.01991195427744,False
2025-09-24 17:13:57.497087,-36.20863453965438,-23.152200410240575,-28.887623498314312,False
2025-09-24 17:13:57.996611,-33.282532729600604,-20.288377611260668,-30.630824076501945,False
2025-09-24 17:13:58.497416,-33.842855604071374,-21.59576628082677,-27.642490311672816,False
2025-09-24 17:13:58.996811,-32.90899983205294,-21.28448886620371,-29.385690889860456,False
2025-09-24 17:13:59.496754,-32.659977900354484,-23.401222341939025,-31.25340243389732,False
2025-09-24 17:13:59.995773,-32.286421474657566,-22.156089155297533,-28.202789657994323,False
2025-09-24 17:14:00.496959,-32.722233383279104,-21.2222333832791,-29.26117992401123,False
2025-09-24 17:14:00.995783,-31.414821185563742,-21.28448886620371,-28.38957963491741,False
2025-09-24 17:14:01.497202,-31.539332151412964,-21.90704369544983,-30.31954666187889,False
2025-09-24 17:14:01.996199,-32.286421474657566,-19.977076668488355,-30.31954666187889,False
2025-09-24 17:14:02.497183,-32.410932440506784,-20.101587634337577,-30.444057627728114,False
2025-09-24 17:14:02.994854,-29.48485415860226,-19.479032805091457,-27.704745794597425,False
2025-09-24 17:14:03.497071,-31.041288288016073,-21.471255314977547,-26.521844562731296,False
2025-09-24 17:14:03.997886,-31.477076668488355,-20.661910508808337,-29.323435406935843,False
2025-09-24 17:14:04.497655,-32.722233383279104,-22.71638850161904,-28.202789657994323,False
2025-09-24 17:14:04.997231,-32.037399542959115,-23.02768944439135,-27.3311893689005,False
2025-09-24 17:14:05.497703,-31.975144060034506,-23.401222341939025,-27.953767726295872,False
2025-09-24 17:14:05.996121,-29.920666067223802,-19.790310219714517,-26.397333596882067,False
2025-09-24 17:14:06.495650,-32.16191050880833,-18.79419896477147,-27.642490311672816,False
2025-09-24 17:14:06.996715,-31.165799253865295,-20.475144060034506,-27.517979345823587,False
2025-09-24 17:14:07.497206,-30.729987345243753,-20.475144060034506,-29.19890091293736,False
2025-09-24 17:14:07.997357,-32.53544340635601,-20.101587634337577,-26.708634539654383,False
2025-09-24 17:14:08.497127,-32.286421474657566,-19.603543770940682,-28.32730062384355,False
2025-09-24 17:14:08.996303,-32.410932440506784,-20.537399542959115,-29.26117992401123,False
2025-09-24 17:14:09.496678,-31.850633094185277,-18.66968799892225,-28.078278692145098,False
2025-09-24 17:14:09.997400,-31.290310219714517,-19.603543770940682,-28.38957963491741,False
2025-09-24 17:14:10.497428,-29.42259867567765,-20.910932440506787,-27.642490311672816,False
2025-09-24 17:14:10.997302,-30.16968799892225,-19.479032805091457,-30.07050120203119,False
2025-09-24 17:14:11.496484,-31.539332151412964,-18.48292155014841,-28.38957963491741,False
2025-09-24 17:14:11.996744,-28.986786767056117,-17.61132126105459,-26.770890022578993,False
2025-09-24 17:14:12.495927,-30.60547637939453,-16.73972097196077,-25.83703425056056,False
2025-09-24 17:14:12.997392,-29.29808770982843,-18.60743251599764,-27.642490311672816,False
2025-09-24 17:14:13.497194,-27.99067551211307,-16.98874290365922,-25.089944927315965,False
2025-09-24 17:14:13.996789,-28.23972097196077,-17.92259867567765,-28.514090600766636,False
2025-09-24 17:14:14.496775,-27.74165358041462,-18.48292155014841,-29.26117992401123,False
2025-09-24 17:14:14.996000,-28.23972097196077,-17.30002031828228,-25.96154521640978,False
2025-09-24 17:14:15.497175,-27.803909063339233,-17.98485415860226,-27.01991195427744,False
2025-09-24 17:14:15.996196,-27.67939809749001,-17.486786767056117,-24.65413301869443,False
2025-09-24 17:14:16.497345,-28.986786767056117,-18.731943481846862,-25.587988790712863,False
2025-09-24 17:14:16.996126,-27.43037616579156,-18.29613157322532,-23.658021763751382,False
2025-09-24 17:14:17.495523,-27.119075223019248,-14.747474933925428,-23.09772241742988,False
2025-09-24 17:14:17.997344,-27.30586519994234,-17.36227580120689,-24.280600121146755,False
2025-09-24 17:14:18.495879,-29.60936512445149,-16.17939809749001,-24.156089155297533,False
2025-09-24 17:14:18.997042,-25.438130127756217,-18.1716206073761,-23.59576628082677,False
2025-09-24 17:14:19.497072,-28.23972097196077,-17.86034319275304,-24.40511108699598,False
2025-09-24 17:14:19.997487,-27.30586519994234,-17.36227580120689,-25.525733307788247,False
2025-09-24 17:14:20.497653,-25.12685271313316,-17.113253869508444,-26.64637905672977,False
2025-09-24 17:14:20.996822,-26.74554232547158,-15.245542325471579,-22.973187923431396,False
2025-09-24 17:14:21.496680,-28.23972097196077,-14.747474933925428,-25.463477824863634,False
2025-09-24 17:14:21.996061,-26.621031359622354,-13.751363678982383,-24.40511108699598,False
2025-09-24 17:14:22.496898,-27.99067551211307,-14.80973041685004,-24.65413301869443,False
2025-09-24 17:14:22.997548,-28.17746548903616,-15.743609717017726,-22.599655025883727,False
2025-09-24 17:14:23.497164,-27.43037616579156,-15.121031359622354,-23.159977900354484,False
2025-09-24 17:14:23.997324,-26.30973041685004,-14.249431070528534,-23.59576628082677,False
2025-09-24 17:14:24.495631,-27.74165358041462,-13.440086264359323,-19.98485415860226,False
2025-09-24 17:14:24.996882,-27.92842002918846,-14.373942036377755,-21.852565702639126,False
2025-09-24 17:14:25.496458,-26.932308774245413,-13.19106433266088,-21.479032805091457,False
2025-09-24 17:14:25.997545,-30.60547637939453,-14.49845300222698,-21.852565702639126,False
2025-09-24 17:14:26.494908,-31.72612212833605,-16.24165358041462,-20.23387609030071,False
2025-09-24 17:14:26.996882,-31.103543770940682,-15.805865199942339,-24.218344638222142,False
2025-09-24 17:14:27.497303,-27.92842002918846,-15.494564257170026,-25.276711376089803,False
2025-09-24 17:14:27.997335,-27.92842002918846,-14.124920104679312,-23.03544340635601,False
2025-09-24 17:14:28.496455,-27.36812068286695,-12.381719526491668,-20.48292155014841,False
2025-09-24 17:14:28.996253,-31.788377611260668,-14.373942036377755,-21.479032805091457,False
2025-09-24 17:14:29.496862,-28.23972097196077,-14.560708485151594,-21.603543770940682,False
2025-09-24 17:14:29.994967,-31.72612212833605,-13.440086264359323,-22.910932440506787,False
2025-09-24 17:14:30.499426,-27.05681974009464,-14.996520393773128,-25.587988790712863,False
2025-09-24 17:14:30.997335,-28.80002031828228,-14.124920104679312,-21.29226635631762,False
2025-09-24 17:14:31.497065,-31.165799253865295,-13.19106433266088,-20.48292155014841,False
2025-09-24 17:14:31.997732,-27.492631648716177,-12.319464043567056,-19.36227580120689,False
2025-09-24 17:14:32.496828,-30.10743251599764,-13.689108196057774,-21.728054736789904,False
2025-09-24 17:14:32.996255,-31.352565702639126,-15.058775876697744,-21.10547637939453,False
2025-09-24 17:14:33.497355,-32.286421474657566,-13.564597230208548,-19.673576743979208,False
2025-09-24 17:14:33.995676,-33.282532729600604,-16.366164546263846,-20.60743251599764,False
2025-09-24 17:14:34.495940,-32.659977900354484,-16.801976454885384,-19.486786767056117,False
2025-09-24 17:14:34.994840,-33.40704369544983,-18.10936512445149,-19.79808770982843,False
2025-09-24 17:14:35.496583,-33.344788212525216,-15.868120682866952,-22.910932440506787,False
2025-09-24 17:14:35.995033,-31.850633094185277,-18.918709930620693,-20.29613157322532,False
2025-09-24 17:14:36.495041,-32.97125531497755,-17.98485415860226,-20.48292155014841,False
2025-09-24 17:14:36.996104,-32.286421474657566,-15.992631648716177,-21.790310219714517,False
2025-09-24 17:14:37.495947,-32.97125531497755,-16.864231937809993,-20.29613157322532,False
2025-09-24 17:14:37.996140,-30.979032805091457,-16.303909063339233,-21.354521839242235,False
2025-09-24 17:14:38.496265,-32.78448886620371,-17.673576743979208,-20.731943481846862,False
2025-09-24 17:14:38.996917,-31.850633094185277,-16.42842002918846,-20.918709930620693,False
2025-09-24 17:14:39.496861,-33.842855604071374,-17.61132126105459,-22.973187923431396,False
2025-09-24 17:14:39.995724,-31.975144060034506,-16.98874290365922,-22.101587634337577,False
2025-09-24 17:14:40.497698,-32.59772241742988,-17.92259867567765,-20.731943481846862,False
2025-09-24 17:14:40.997131,-33.53157818944831,-17.92259867567765,-21.852565702639126,False
2025-09-24 17:14:41.496909,-32.09965502588373,-16.864231937809993,-19.735832226903817,False
2025-09-24 17:14:41.996538,-34.46543396146674,-17.54906577812998,-21.541288288016073,False
2025-09-24 17:14:42.497862,-32.84674434912832,-17.36227580120689,-21.10547637939453,False
2025-09-24 17:14:42.996209,-30.916777322166844,-18.48292155014841,-21.790310219714517,False
2025-09-24 17:14:43.496155,-32.722233383279104,-18.1716206073761,-21.167731862319144,False
2025-09-24 17:14:43.995577,-33.282532729600604,-17.486786767056117,-23.53351079790216,False
2025-09-24 17:14:44.495857,-35.33703425056056,-18.856454447696084,-23.53351079790216,False
2025-09-24 17:14:44.995232,-38.82343540693584,-24.521844562731296,-27.704745794597425,True
2025-09-24 17:14:45.494685,-36.021844562731296,-20.661910508808337,-22.910932440506787,False
2025-09-24 17:14:45.995717,-35.83507811395746,-18.731943481846862,-24.280600121146755,False
2025-09-24 17:14:46.496450,-35.58605618225901,-18.856454447696084,-23.59576628082677,False
2025-09-24 17:14:46.996836,-34.34092299561752,-17.673576743979208,-21.479032805091457,False
2025-09-24 17:14:47.497553,-35.15024427363747,-18.420666067223802,-22.101587634337577,False
2025-09-24 17:14:47.995935,-36.33314550550361,-19.665799253865295,-23.90704369544983,False
2025-09-24 17:14:48.497440,-35.33703425056056,-17.92259867567765,-21.728054736789904,False
2025-09-24 17:14:48.996902,-33.656089155297536,-17.175509352433053,-22.350633094185277,False
2025-09-24 17:14:49.497516,-35.33703425056056,-17.79808770982843,-24.591877535769815,False
2025-09-24 17:14:49.997583,-36.08412357380516,-18.856454447696084,-22.350633094185277,False
2025-09-24 17:14:50.497469,-36.51991195427744,-18.23387609030071,-24.778643984543653,False
2025-09-24 17:14:50.997393,-34.77671137608981,-20.910932440506787,-21.728054736789904,False
2025-09-24 17:14:51.497135,-36.95572386289898,-19.852565702639126,-24.280600121146755,False
2025-09-24 17:14:51.996204,-36.08412357380516,-22.03157818944831,-25.587988790712863,False
2025-09-24 17:14:52.496715,-38.200857049540474,-21.2222333832791,-24.34285560407137,False
2025-09-24 17:14:52.996143,-37.70278965799432,-20.475144060034506,-23.84478821252522,False
2025-09-24 17:14:53.496917,-36.95572386289898,-20.72416599173295,-24.280600121146755,False
2025-09-24 17:14:53.997152,-38.26311253246508,-21.471255314977547,-24.965433961466744,False
2025-09-24 17:14:54.496899,-37.0802348287482,-21.159977900354484,-25.463477824863634,False
2025-09-24 17:14:54.996400,-33.96736656992059,-20.72416599173295,-25.463477824863634,False
2025-09-24 17:14:55.496656,-36.14637905672977,-22.591877535769815,-25.525733307788247,False
2025-09-24 17:14:55.997273,-36.457656471352834,-21.720277246675998,-24.778643984543653,False
2025-09-24 17:14:56.497227,-36.831189368900496,-23.525733307788247,-25.152200410240575,False
2025-09-24 17:14:56.995599,-34.15413301869443,-23.276711376089803,-25.96154521640978,False
2025-09-24 17:14:57.497599,-35.33703425056056,-22.280600121146755,-25.02768944439135,False
2025-09-24 17:14:57.996328,-35.08798879071286,-22.840922995617518,-28.887623498314312,False
2025-09-24 17:14:58.497601,-37.0802348287482,-20.41288857710989,-24.903178478542127,False
2025-09-24 17:14:58.996666,-34.96347782486363,-22.218344638222142,-25.089944927315965,False
2025-09-24 17:14:59.497120,-34.96347782486363,-22.529622052845202,-27.01991195427744,False
2025-09-24 17:14:59.997686,-33.53157818944831,-22.840922995617518,-24.156089155297533,False
2025-09-24 17:15:00.497990,-35.959589079806676,-23.214455893165187,-25.587988790712863,False
2025-09-24 17:15:00.996868,-38.26311253246508,-23.214455893165187,-28.016023209220485,False
2025-09-24 17:15:01.497339,-37.82730062384355,-24.708634539654383,-26.45958907980668,False
2025-09-24 17:15:01.997022,-35.399289733485176,-22.529622052845202,-26.210567148108236,False
2025-09-24 17:15:02.497161,-36.76893388597589,-24.272822631032845,-27.517979345823587,False
2025-09-24 17:15:02.996533,-35.89733359688206,-22.529622052845202,-27.953767726295872,False
2025-09-24 17:15:03.497403,-35.399289733485176,-22.529622052845202,-25.77477876763595,False
2025-09-24 17:15:03.996778,-34.58994492731597,-21.159977900354484,-25.650244273637473,False
2025-09-24 17:15:04.496393,-37.142490311672816,-22.529622052845202,-27.393444851825112,False
2025-09-24 17:15:04.997468,-32.78448886620371,-24.14831166518362,-26.708634539654383,False
2025-09-24 17:15:05.496392,-37.20474579459743,-23.401222341939025,-26.708634539654383,False
2025-09-24 17:15:05.996881,-33.71834463822214,-19.977076668488355,-26.708634539654383,False
2025-09-24 17:15:06.496023,-34.46543396146674,-21.658021763751382,-29.074389947088143,False
2025-09-24 17:15:06.997333,-35.89733359688206,-21.346744349128322,-27.26893388597589,False
2025-09-24 17:15:07.496562,-33.15802176375138,-20.039332151412964,-29.696968304483512,False
2025-09-24 17:15:07.996898,-32.659977900354484,-22.529622052845202,-28.57634608369125,False
2025-09-24 17:15:08.496196,-32.90899983205294,-19.10547637939453,-28.887623498314312,False
2025-09-24 17:15:08.996006,-32.659977900354484,-19.416777322166844,-28.016023209220485,False
2025-09-24 17:15:09.497203,-34.27864398454365,-21.84478821252522,-28.76311253246508,False
2025-09-24 17:15:09.996758,-33.53157818944831,-22.965433961466744,-28.63860156661586,False
2025-09-24 17:15:10.496544,-35.15024427363747,-20.163866645411446,-30.444057627728114,False
2025-09-24 17:15:10.996985,-34.96347782486363,-20.599655025883727,-27.26893388597589,False
2025-09-24 17:15:11.496843,-32.97125531497755,-21.28448886620371,-28.825368015389692,False
2025-09-24 17:15:11.997486,-31.975144060034506,-21.53351079790216,-28.078278692145098,False
2025-09-24 17:15:12.495875,-32.09965502588373,-21.720277246675998,-28.63860156661586,False
2025-09-24 17:15:12.996119,-32.4731879234314,-20.786421474657566,-27.455723862898978,False
2025-09-24 17:15:13.496603,-32.16191050880833,-22.34285560407137,-26.83314550550361,False
2025-09-24 17:15:13.997105,-31.539332151412964,-22.218344638222142,-28.514090600766636,False
2025-09-24 17:15:14.495093,-30.10743251599764,-18.1716206073761,-28.078278692145098,False
2025-09-24 17:15:14.995172,-31.663866645411446,-19.603543770940682,-27.3311893689005,False
2025-09-24 17:15:15.496695,-31.91288857710989,-19.790310219714517,-27.829256760446647,False
2025-09-24 17:15:15.996160,-32.09965502588373,-21.408999832052938,-27.393444851825112,False
2025-09-24 17:15:16.497387,-32.59772241742988,-22.03157818944831,-28.32730062384355,False
2025-09-24 17:15:16.996598,-33.656089155297536,-20.101587634337577,-30.195035696029663,False
2025-09-24 17:15:17.495951,-31.975144060034506,-19.479032805091457,-27.3311893689005,False
2025-09-24 17:15:17.996622,-30.979032805091457,-21.408999832052938,-27.953767726295872,False
2025-09-24 17:15:18.497233,-33.15802176375138,-21.90704369544983,-28.700857049540474,False
2025-09-24 17:15:18.997134,-30.667731862319144,-19.790310219714517,-28.700857049540474,False
2025-09-24 17:15:19.496274,-32.84674434912832,-19.665799253865295,-27.76700127752204,False
2025-09-24 17:15:19.997519,-33.095766280826766,-21.2222333832791,-28.016023209220485,False
2025-09-24 17:15:20.496564,-30.916777322166844,-19.354521839242235,-29.136645430012756,False
2025-09-24 17:15:20.996985,-31.663866645411446,-20.039332151412964,-29.323435406935843,False
2025-09-24 17:15:21.496076,-29.42259867567765,-20.475144060034506,-27.3311893689005,False
2025-09-24 17:15:21.997482,-31.414821185563742,-22.093833672372917,-27.891512243371263,False
2025-09-24 17:15:22.496384,-31.041288288016073,-19.416777322166844,-28.825368015389692,False
2025-09-24 17:15:22.995968,-32.16191050880833,-18.420666067223802,-27.14442292012667,False
2025-09-24 17:15:23.495450,-29.6716206073761,-18.48292155014841,-26.023800699334398,False
2025-09-24 17:15:23.996632,-31.788377611260668,-19.977076668488355,-27.580234828748203,False
2025-09-24 17:15:24.496666,-31.663866645411446,-19.29226635631762,-27.14442292012667,False
2025-09-24 17:15:24.997438,-30.543220896469922,-20.910932440506787,-27.26893388597589,False
2025-09-24 17:15:25.494971,-28.737764835357666,-18.98096541354531,-26.023800699334398,False
2025-09-24 17:15:25.997015,-30.916777322166844,-19.354521839242235,-27.580234828748203,False
2025-09-24 17:15:26.495154,-29.04906577812998,-17.92259867567765,-24.65413301869443,False
2025-09-24 17:15:26.997324,-32.97125531497755,-19.354521839242235,-30.257291178954276,False
2025-09-24 17:15:27.496145,-31.165799253865295,-18.047109641526877,-25.587988790712863,False
2025-09-24 17:15:27.996254,-30.729987345243753,-20.163866645411446,-27.393444851825112,False
2025-09-24 17:15:28.496265,-32.286421474657566,-19.167731862319144,-27.517979345823587,False
2025-09-24 17:15:28.996928,-30.48096541354531,-19.043220896469922,-28.14053417506971,False
2025-09-24 17:15:29.497951,-31.290310219714517,-18.98096541354531,-27.14442292012667,False
2025-09-24 17:15:29.997829,-32.037399542959115,-19.977076668488355,-28.451835117842023,False
2025-09-24 17:15:30.495668,-29.79613157322532,-17.05099838658383,-25.96154521640978,False
2025-09-24 17:15:30.996951,-29.235832226903817,-17.735832226903817,-27.953767726295872,False
2025-09-24 17:15:31.497422,-30.79226635631762,-18.047109641526877,-27.517979345823587,False
2025-09-24 17:15:31.997481,-28.737764835357666,-19.914821185563742,-28.887623498314312,False
2025-09-24 17:15:32.497751,-28.42648742073461,-19.977076668488355,-29.44794637278507,False
2025-09-24 17:15:32.996707,-27.119075223019248,-17.98485415860226,-27.455723862898978,False
2025-09-24 17:15:33.495800,-27.243609717017726,-17.05099838658383,-24.218344638222142,False
2025-09-24 17:15:33.995351,-26.8700532913208,-14.311686553453146,-22.910932440506787,False
2025-09-24 17:15:34.497161,-28.42648742073461,-18.047109641526877,-26.895400988428214,False
2025-09-24 17:15:34.996470,-27.866164546263846,-16.17939809749001,-24.71638850161904,False
2025-09-24 17:15:35.496830,-28.05293099503768,-17.92259867567765,-24.965433961466744,False
2025-09-24 17:15:35.995542,-25.06459723020855,-14.747474933925428,-24.467366569920593,False
2025-09-24 17:15:36.497069,-29.36034319275304,-16.054887131640786,-24.093833672372917,False
2025-09-24 17:15:36.997075,-30.79226635631762,-17.424531284131504,-26.272822631032845,False
2025-09-24 17:15:37.496671,-26.558775876697744,-16.864231937809993,-24.280600121146755,False
2025-09-24 17:15:37.997072,-29.29808770982843,-17.05099838658383,-24.156089155297533,False
2025-09-24 17:15:38.497122,-27.99067551211307,-17.79808770982843,-26.335078113957458,False
2025-09-24 17:15:38.996364,-26.994564257170026,-15.494564257170026,-23.90704369544983,False
2025-09-24 17:15:39.496733,-26.185219451000815,-15.121031359622354,-23.2222333832791,False
2025-09-24 17:15:39.997437,-28.42648742073461,-18.1716206073761,-24.40511108699598,False
2025-09-24 17:15:40.496658,-27.803909063339233,-16.366164546263846,-23.720277246675998,False
2025-09-24 17:15:40.997318,-27.6171426145654,-16.92648742073461,-24.467366569920593,False
2025-09-24 17:15:41.497327,-28.86227580120689,-17.673576743979208,-23.658021763751382,False
2025-09-24 17:15:41.997875,-25.562664621754696,-15.432308774245413,-25.276711376089803,False
2025-09-24 17:15:42.496284,-26.994564257170026,-14.373942036377755,-22.910932440506787,False
2025-09-24 17:15:42.996509,-30.29419896477147,-15.307797808396188,-24.65413301869443,False
2025-09-24 17:15:43.495769,-26.994564257170026,-14.000409138830086,-22.22612212833605,False
2025-09-24 17:15:43.996066,-27.866164546263846,-15.432308774245413,-22.599655025883727,False
2025-09-24 17:15:44.497724,-29.920666067223802,-15.992631648716177,-26.397333596882067,False
2025-09-24 17:15:44.995895,-26.060708485151594,-14.187175587603921,-22.475144060034506,False
2025-09-24 17:15:45.496405,-27.67939809749001,-14.373942036377755,-23.03544340635601,False
2025-09-24 17:15:45.996983,-28.115186477962293,-15.3700532913208,-24.156089155297533,False
2025-09-24 17:15:46.497439,-28.924531284131504,-14.560708485151594,-24.65413301869443,False
2025-09-24 17:15:46.996310,-26.060708485151594,-12.879763389888563,-22.41288857710989,False
2025-09-24 17:15:47.496953,-28.364231937809993,-13.813619161906995,-23.159977900354484,False
2025-09-24 17:15:47.996767,-29.6716206073761,-13.066529838662401,-22.72416599173295,False
2025-09-24 17:15:48.497755,-28.17746548903616,-14.49845300222698,-22.599655025883727,False
2025-09-24 17:15:48.997439,-29.235832226903817,-14.872009427923906,-21.541288288016073,False
2025-09-24 17:15:49.497874,-29.11132126105459,-12.879763389888563,-24.65413301869443,False
2025-09-24 17:15:49.996107,-28.301976454885384,-13.440086264359323,-20.731943481846862,False
2025-09-24 17:15:50.495849,-28.17746548903616,-14.49845300222698,-19.61132126105459,False
2025-09-24 17:15:50.997545,-27.803909063339233,-15.432308774245413,-22.72416599173295,False
2025-09-24 17:15:51.497633,-29.04906577812998,-13.564597230208548,-20.918709930620693,False
2025-09-24 17:15:51.996360,-28.80002031828228,-16.24165358041462,-19.05099838658383,False
2025-09-24 17:15:52.496866,-31.352565702639126,-12.755252424039341,-21.914821185563742,False
2025-09-24 17:15:52.996910,-30.60547637939453,-14.187175587603921,-19.61132126105459,False
2025-09-24 17:15:53.496925,-30.667731862319144,-14.373942036377755,-19.54906577812998,False
2025-09-24 17:15:53.995700,-32.16191050880833,-15.68133070594386,-20.23387609030071,False
2025-09-24 17:15:54.497040,-31.352565702639126,-14.996520393773128,-21.416777322166844,False
2025-09-24 17:15:54.995340,-34.46543396146674,-15.494564257170026,-20.79419896477147,False
2025-09-24 17:15:55.496991,-31.228054736789904,-16.42842002918846,-19.237764835357666,False
2025-09-24 17:15:55.995225,-33.656089155297536,-19.29226635631762,-19.92259867567765,False
2025-09-24 17:15:56.496859,-33.656089155297536,-15.058775876697744,-20.98096541354531,False
2025-09-24 17:15:56.996778,-32.09965502588373,-15.93037616579156,-20.047109641526877,False
2025-09-24 17:15:57.496989,-32.16191050880833,-18.420666067223802,-20.918709930620693,False
2025-09-24 17:15:57.995831,-32.59772241742988,-17.05099838658383,-19.113253869508444,False
2025-09-24 17:15:58.498154,-31.414821185563742,-16.054887131640786,-20.731943481846862,False
2025-09-24 17:15:58.997546,-32.16191050880833,-15.3700532913208,-20.60743251599764,False
2025-09-24 17:15:59.495926,-34.216388501619036,-18.047109641526877,-23.53351079790216,False
2025-09-24 17:15:59.997268,-33.71834463822214,-15.868120682866952,-20.1716206073761,False
2025-09-24 17:16:00.495190,-33.96736656992059,-18.29613157322532,-23.09772241742988,False
2025-09-24 17:16:00.996100,-35.399289733485176,-17.486786767056117,-22.910932440506787,False
2025-09-24 17:16:01.495962,-37.70278965799432,-18.358387056149937,-24.156089155297533,False
2025-09-24 17:16:01.996484,-34.15413301869443,-17.486786767056117,-20.918709930620693,False
2025-09-24 17:16:02.495294,-36.395400988428214,-19.603543770940682,-23.782532729600607,False
2025-09-24 17:16:02.996273,-33.96736656992059,-19.416777322166844,-23.2222333832791,False
2025-09-24 17:16:03.495387,-36.51991195427744,-19.914821185563742,-24.093833672372917,False
2025-09-24 17:16:03.996068,-35.5238006993344,-21.28448886620371,-23.969322706523695,False
2025-09-24 17:16:04.496324,-37.70278965799432,-20.910932440506787,-22.72416599173295,False
2025-09-24 17:16:04.995600,-35.83507811395746,-22.093833672372917,-26.335078113957458,False
2025-09-24 17:16:05.496053,-34.46543396146674,-22.591877535769815,-25.83703425056056,False
2025-09-24 17:16:05.997257,-35.15024427363747,-19.167731862319144,-23.346744349128322,False
2025-09-24 17:16:06.495513,-35.27477876763595,-21.658021763751382,-24.591877535769815,False
2025-09-24 17:16:06.995373,-35.83507811395746,-23.089944927315965,-26.023800699334398,False
